{"name":"MenuIntent","identifier":"OMSXOWY3NI","description":null,"parentIntentSignature":null,"sampleUtterances":[{"utterance":"ola"},{"utterance":"olá"},{"utterance":"oi"},{"utterance":"eae"},{"utterance":"salve"},{"utterance":"tudo bem"},{"utterance":"Oi"},{"utterance":"Ola"},{"utterance":"Eae"},{"utterance":"Salve"},{"utterance":"Menu"},{"utterance":"Abrir menu"},{"utterance":"Abrir Menu"},{"utterance":"Menu principal"},{"utterance":"Acessar menu"},{"utterance":"Exibir menu"},{"utterance":"Opções de Menu"},{"utterance":"Abrir o menu principal"},{"utterance":"Navegar no Menu"},{"utterance":"Selecionar no menu"},{"utterance":"Explorar o Menu"},{"utterance":"Menu de configurações"},{"utterance":"Menu de ajuda"},{"utterance":"Menu de saída"},{"utterance":"Menu de perfil"},{"utterance":"Menu de conta"},{"utterance":"Menu de preferências"},{"utterance":"Menu de idiomas"},{"utterance":"Menu de informações"},{"utterance":"Menu de notificações"},{"utterance":"Menu de sons"},{"utterance":"Menu de segurança"},{"utterance":"Menu de privacidade"},{"utterance":"Menu de contato"},{"utterance":"Menu de busca"},{"utterance":"Menu de atualização"},{"utterance":"menu"},{"utterance":"abrir menu"},{"utterance":"quero ver o menu"},{"utterance":"o que fazer?"},{"utterance":"ajuda"},{"utterance":"me ajude"},{"utterance":"quero ajuda"},{"utterance":"solicitar ajuda"}],"intentConfirmationSetting":null,"intentClosingSetting":{"isActive":true,"nextStep":{"sessionAttributes":null,"dialogAction":{"type":"EndConversation","slotToElicit":null,"suppressNextMessage":null},"intent":{"name":null,"slots":null}},"conditional":{"isActive":true,"conditionalBranches":[{"name":"Cancelar","response":null,"nextStep":{"sessionAttributes":null,"dialogAction":{"type":"FulfillIntent","slotToElicit":null,"suppressNextMessage":null},"intent":{"name":null,"slots":null}},"condition":{"expressionString":"{Menu} = \"Cancelar Reserva\""}},{"name":"Sessoes","response":null,"nextStep":{"sessionAttributes":null,"dialogAction":{"type":"StartIntent","slotToElicit":null,"suppressNextMessage":null},"intent":{"name":"SessionsIntent","slots":null}},"condition":{"expressionString":"{Menu} = \"Sessões Disponíveis\""}},{"name":"Consultar","response":null,"nextStep":{"sessionAttributes":null,"dialogAction":{"type":"StartIntent","slotToElicit":null,"suppressNextMessage":null},"intent":{"name":"MoviesIntent","slots":null}},"condition":{"expressionString":"{Menu} = \"Consultar Filmes\""}},{"name":"Reservar","response":null,"nextStep":{"sessionAttributes":null,"dialogAction":{"type":"StartIntent","slotToElicit":null,"suppressNextMessage":null},"intent":{"name":"CreateReservation","slots":null}},"condition":{"expressionString":"{Menu} = \"Reservar Sessão\""}}],"defaultBranch":{"response":{"messageGroupsList":[{"message":{"ssmlMessage":null,"customPayload":null,"plainTextMessage":{"value":"Deu erro!"},"imageResponseCard":null},"variations":null}],"allowInterrupt":true},"nextStep":{"sessionAttributes":null,"dialogAction":{"type":"StartIntent","slotToElicit":null,"suppressNextMessage":null},"intent":{"name":"CancelReservation","slots":null}}}},"closingResponse":{"messageGroupsList":[{"message":{"ssmlMessage":null,"customPayload":null,"plainTextMessage":{"value":"\"Obrigado por explorar o menu! Se precisar de mais assistência ou tiver outras perguntas, não hesite em perguntar. Tenha um ótimo dia! 😊\""},"imageResponseCard":null},"variations":null}],"allowInterrupt":true}},"initialResponseSetting":{"nextStep":{"sessionAttributes":null,"dialogAction":{"type":"ElicitSlot","slotToElicit":"Menu","suppressNextMessage":null},"intent":{"name":null,"slots":null}},"conditional":null,"codeHook":{"isActive":false,"enableCodeHookInvocation":true,"invocationLabel":null,"postCodeHookSpecification":{"failureResponse":null,"failureNextStep":{"sessionAttributes":null,"dialogAction":{"type":"EndConversation","slotToElicit":null,"suppressNextMessage":null},"intent":{"name":null,"slots":null}},"failureConditional":null,"successConditional":null,"timeoutResponse":null,"timeoutNextStep":{"sessionAttributes":null,"dialogAction":{"type":"EndConversation","slotToElicit":null,"suppressNextMessage":null},"intent":{"name":null,"slots":null}},"timeoutConditional":null,"successResponse":null,"successNextStep":{"sessionAttributes":null,"dialogAction":{"type":"ConfirmIntent","slotToElicit":null,"suppressNextMessage":null},"intent":{"name":null,"slots":null}}}},"initialResponse":{"messageGroupsList":[{"message":{"ssmlMessage":null,"customPayload":null,"plainTextMessage":{"value":"Abrindo menu..."},"imageResponseCard":null},"variations":null}],"allowInterrupt":true}},"inputContexts":null,"outputContexts":null,"kendraConfiguration":null,"dialogCodeHook":null,"fulfillmentCodeHook":{"isActive":true,"postFulfillmentStatusSpecification":{"failureResponse":null,"failureNextStep":{"sessionAttributes":null,"dialogAction":{"type":"CloseIntent","slotToElicit":null,"suppressNextMessage":null},"intent":{"name":null,"slots":null}},"timeoutResponse":null,"timeoutNextStep":{"sessionAttributes":null,"dialogAction":{"type":"CloseIntent","slotToElicit":null,"suppressNextMessage":null},"intent":{"name":null,"slots":null}},"successResponse":null,"successNextStep":{"sessionAttributes":null,"dialogAction":{"type":"CloseIntent","slotToElicit":null,"suppressNextMessage":null},"intent":{"name":null,"slots":null}}},"fulfillmentUpdatesSpecification":null,"enabled":false},"slotPriorities":[{"priority":1,"slotName":"Menu"}]}