{"name":"MoviesIntent","identifier":"HRCR7SU8LJ","description":"Consultar filmes em cartaz.","parentIntentSignature":null,"sampleUtterances":[{"utterance":"Consultar Filmes"},{"utterance":"Quais são os filmes em cartaz hoje?"},{"utterance":"Gostaria de saber quais filmes estão passando no cinema"},{"utterance":"Quais são as opções de filme para hoje?"},{"utterance":"filmes para hoje"},{"utterance":"filmes hoje"},{"utterance":"filmes amanhã"},{"utterance":"Quais são os filmes disponíveis para assistir?"},{"utterance":"Poderia me informar os filmes que estão sendo exibidos agora?"},{"utterance":"Quais filmes posso assistir no momento?"},{"utterance":"Estou interessado em saber quais filmes estão em exibição."},{"utterance":"Gostaria de ver a lista de filmes em cartaz no cinema."}],"intentConfirmationSetting":null,"intentClosingSetting":{"isActive":true,"nextStep":{"sessionAttributes":{},"dialogAction":{"type":"StartIntent","slotToElicit":null,"suppressNextMessage":null},"intent":{"name":"MenuIntent","slots":{}}},"closingResponse":{"messageGroupsList":[{"message":{"ssmlMessage":null,"customPayload":null,"plainTextMessage":{"value":"Descobriu os filmes incríveis que estão em cartaz conosco? 😃 Agora que você já conhece as opções emocionantes, que tal dar uma olhada nas sessões disponíveis ou, ainda melhor, reservar o seu lugar? Estamos ansiosos para tornar a sua experiência conosco ainda mais especial! 🎥🍿"},"imageResponseCard":null},"variations":null}],"allowInterrupt":true}},"initialResponseSetting":{"nextStep":{"sessionAttributes":{},"dialogAction":{"type":"InvokeDialogCodeHook","slotToElicit":null,"suppressNextMessage":null},"intent":{"name":null,"slots":{}}},"conditional":null,"codeHook":{"isActive":true,"enableCodeHookInvocation":true,"invocationLabel":null,"postCodeHookSpecification":{"failureResponse":null,"failureNextStep":{"sessionAttributes":{},"dialogAction":{"type":"EndConversation","slotToElicit":null,"suppressNextMessage":null},"intent":{"name":null,"slots":{}}},"failureConditional":null,"successConditional":null,"timeoutResponse":null,"timeoutNextStep":{"sessionAttributes":{},"dialogAction":{"type":"EndConversation","slotToElicit":null,"suppressNextMessage":null},"intent":{"name":null,"slots":{}}},"timeoutConditional":null,"successResponse":null,"successNextStep":{"sessionAttributes":null,"dialogAction":{"type":"FulfillIntent","slotToElicit":null,"suppressNextMessage":null},"intent":{"name":null,"slots":{}}}}},"initialResponse":{"messageGroupsList":[{"message":{"ssmlMessage":null,"customPayload":null,"plainTextMessage":{"value":"Perfeito, posso ajudar você com isso!!!"},"imageResponseCard":null},"variations":null}],"allowInterrupt":true}},"inputContexts":null,"outputContexts":null,"kendraConfiguration":null,"dialogCodeHook":{"enabled":false},"fulfillmentCodeHook":{"isActive":true,"postFulfillmentStatusSpecification":{"failureResponse":{"messageGroupsList":[{"message":{"ssmlMessage":null,"customPayload":null,"plainTextMessage":{"value":"Houve uma falha"},"imageResponseCard":null},"variations":null}],"allowInterrupt":true},"failureNextStep":{"sessionAttributes":null,"dialogAction":{"type":"CloseIntent","slotToElicit":null,"suppressNextMessage":null},"intent":{"name":null,"slots":{}}},"timeoutResponse":null,"timeoutNextStep":{"sessionAttributes":null,"dialogAction":{"type":"CloseIntent","slotToElicit":null,"suppressNextMessage":null},"intent":{"name":null,"slots":{}}},"successResponse":{"messageGroupsList":[{"message":{"ssmlMessage":null,"customPayload":null,"plainTextMessage":{"value":"Aqui estão os nossos filmes em cartaz!!!"},"imageResponseCard":null},"variations":null}],"allowInterrupt":true},"successNextStep":{"sessionAttributes":null,"dialogAction":{"type":"CloseIntent","slotToElicit":null,"suppressNextMessage":null},"intent":{"name":null,"slots":{}}}},"fulfillmentUpdatesSpecification":null,"enabled":true},"slotPriorities":[]}